{
    "low_variance": {
        "power_model": {
            "betas": [
                4.96867738604216e-10,
                1.2070575030394841,
                1.2498932966104135
            ]
        },
        "slope": 1.8331614158614782e-08
    },
    "lap_score": {
        "power_model": {
            "betas": [
                3.334843946793856e-08,
                1.9177322765092837,
                0.4183128233546624
            ]
        }
    },
    "SPEC": {
        "power_model": {
            "betas": [
                3.50659987440815e-08,
                2.0436950865550365,
                0.7760178688448462
            ]
        }
    },
    "MCFS": {
        "outliers": {
            "DS4000x2500.mat": 153.43613505363464,
            "DS7000x1000.mat": 710.0883152484894,
            "DS9500x1000.mat": 1054.608924627304
        },
        "power_model": {
            "betas": [
                1.1825458194379204e-08,
                2.5644900990308406,
                0.08678041781517581
            ]
        }
    },
    "UDFS": {
        "power_model": {
            "betas": [
                2.6761829652682428e-11,
                0.0005419773725668809,
                3.901788817559455
            ]
        }
    },
    "NDFS": {
        "outliers": {
            "DS500x9500.mat": 1572.7983560562134,
            "DS500x5500.mat": 396.46295523643494,
            "DS1000x3500.mat": 130.9577956199646,
            "DS500x6500.mat": 780.8584232330322,
            "DS500x3500.mat": 112.32064986228943,
            "DS500x9000.mat": 1460.2324101924896,
            "DS500x4500.mat": 210.76597619056702
        },
        "power_model": {
            "betas": [
                4.890216971078965e-06,
                0.19621009805753092,
                2.411767596628364
            ]
        },
        "exponential_linear_features": {
            "betas": [
                66.321496697703,
                0.0005172852590917186,
                0.01052571360940461
            ]
        }
    }
}