{
    "low_variance": {
        "data/COIL20.mat": {
            "nmi": 0.726741920038446,
            "acc": 0.6256944444444444,
            "run_time": 0.020401477813720703
        },
        "data/Isolet.mat": {
            "nmi": 0.7676616449144522,
            "acc": 0.6139102564102563,
            "run_time": 0.015015602111816406
        },
        "data/Yale.mat": {
            "nmi": 0.49769839929425,
            "acc": 0.4281818181818181,
            "run_time": 0.004591703414916992
        },
        "data/ORL.mat": {
            "nmi": 0.7771619127738081,
            "acc": 0.5940000000000001,
            "run_time": 0.008107185363769531
        }
    },
    "lap_score": {
        "data/COIL20.mat": {
            "nmi": 0.7123710776476824,
            "acc": 0.5553472222222222,
            "run_time": 0.3500251770019531
        },
        "data/Isolet.mat": {
            "nmi": 0.6797835942937472,
            "acc": 0.5146153846153846,
            "run_time": 0.5306313037872314
        },
        "data/Yale.mat": {
            "nmi": 0.4771486160262354,
            "acc": 0.38939393939393935,
            "run_time": 0.01155233383178711
        },
        "data/ORL.mat": {
            "nmi": 0.695304826384666,
            "acc": 0.4791250000000001,
            "run_time": 0.0432744026184082
        }
    },
    "MCFS": {
        "data/COIL20.mat": {
            "nmi": 0.742274742605661,
            "acc": 0.6595138888888888,
            "run_time": 3.7690670490264893
        },
        "data/Isolet.mat": {
            "nmi": 0.6744526236544828,
            "acc": 0.5034615384615384,
            "run_time": 3.8145556449890137
        },
        "data/Yale.mat": {
            "nmi": 0.5519132374833069,
            "acc": 0.48575757575757583,
            "run_time": 0.9336435794830322
        },
        "data/ORL.mat": {
            "nmi": 0.753339740875824,
            "acc": 0.5662499999999999,
            "run_time": 2.161437511444092
        }
    },
    "NDFS": {
        "data/COIL20.mat": {
            "nmi": 0.7523773616837767,
            "acc": 0.6312500000000001,
            "run_time": 12.546858310699463
        },
        "data/Isolet.mat": {
            "nmi": 0.7607662142405921,
            "acc": 0.6420192307692306,
            "run_time": 9.431886672973633
        },
        "data/Yale.mat": {
            "nmi": 0.43986220180735786,
            "acc": 0.3639393939393939,
            "run_time": 7.14326548576355
        },
        "data/ORL.mat": {
            "nmi": 0.7841610358253922,
            "acc": 0.603875,
            "run_time": 7.772045850753784
        }
    },
    "SPEC": {
        "data/COIL20.mat": {
            "nmi": 0.7125679376434169,
            "acc": 0.5841319444444443,
            "run_time": 22.609323978424072
        },
        "data/Isolet.mat": {
            "nmi": 0.5528397348115777,
            "acc": 0.4283653846153846,
            "run_time": 18.489606380462646
        },
        "data/Yale.mat": {
            "nmi": 0.48072403992296187,
            "acc": 0.40242424242424246,
            "run_time": 0.37599611282348633
        },
        "data/ORL.mat": {
            "nmi": 0.7441887177290984,
            "acc": 0.55675,
            "run_time": 1.383504867553711
        }
    },
    "UDFS": {
        "data/COIL20.mat": {
            "nmi": 0.6504028908431124,
            "acc": 0.5417708333333333,
            "run_time": 47.959460735321045
        },
        "data/Isolet.mat": {
            "nmi": 0.6222300261776026,
            "acc": 0.4804166666666666,
            "run_time": 63.94903039932251
        },
        "data/Yale.mat": {
            "nmi": 0.43689883539905194,
            "acc": 0.35666666666666663,
            "run_time": 28.703613996505737
        },
        "data/ORL.mat": {
            "nmi": 0.7062952903970217,
            "acc": 0.48187500000000005,
            "run_time": 12.087236404418945
        }
    }
}