{
    "low_variance": {
        "lingress": {
            "MAE": 0.020510323969720197,
            "RMSE": 0.0020594629135002006
        },
        "power": {
            "MAE": 0.026541528317058163,
            "RMSE": 0.008734869517061209
        }
    },
    "lap_score": {
        "power": {
            "MAE": 0.6821672153585105,
            "RMSE": 6.483411858172548
        }
    },
    "SPEC": {
        "power": {
            "MAE": 16.360073579790512,
            "RMSE": 2055.675012872158
        }
    },
    "MCFS": {
        "power": {
            "MAE": 7.770697889259031,
            "RMSE": 340.7117960909511
        }
    },
    "UDFS": {
        "power": {
            "MAE": 137506.68445062227,
            "RMSE": 212262443457.8499
        },
        "EL_features": {
            "MAE": 2118501.9560116064,
            "RMSE": 71551990759521.47
        }
    },
    "NDFS": {
        "power": {
            "MAE": 37653.892047708294,
            "RMSE": 7822269742.090562
        },
        "EL_features": {
            "MAE": 349876.0632467183,
            "RMSE": 1799798993609.408
        }
    }
}