{
    "DS200x200": {
        "n_samples": 200,
        "n_features": 200,
        "n_informative": 59,
        "n_redundant": 96,
        "n_repeated": 0,
        "n_classes": 28,
        "n_clusters_per_class": 1,
        "flip_y": 0.3305677652925399,
        "class_sep": 1.6360817936418497
    },
    "DS400x200": {
        "n_samples": 400,
        "n_features": 200,
        "n_informative": 7,
        "n_redundant": 95,
        "n_repeated": 0,
        "n_classes": 2,
        "n_clusters_per_class": 3,
        "flip_y": 0.11741842439026744,
        "class_sep": 0.68442335861322
    },
    "DS600x200": {
        "n_samples": 600,
        "n_features": 200,
        "n_informative": 16,
        "n_redundant": 86,
        "n_repeated": 0,
        "n_classes": 5,
        "n_clusters_per_class": 3,
        "flip_y": 0.21106288759132558,
        "class_sep": 2.2677717011194516
    },
    "DS800x200": {
        "n_samples": 800,
        "n_features": 200,
        "n_informative": 19,
        "n_redundant": 51,
        "n_repeated": 0,
        "n_classes": 8,
        "n_clusters_per_class": 2,
        "flip_y": 0.189458576768886,
        "class_sep": 1.3257301288745784
    },
    "DS200x400": {
        "n_samples": 200,
        "n_features": 400,
        "n_informative": 90,
        "n_redundant": 49,
        "n_repeated": 0,
        "n_classes": 7,
        "n_clusters_per_class": 1,
        "flip_y": 0.4074948075418364,
        "class_sep": 1.4463128342964313
    },
    "DS400x400": {
        "n_samples": 400,
        "n_features": 400,
        "n_informative": 106,
        "n_redundant": 190,
        "n_repeated": 0,
        "n_classes": 6,
        "n_clusters_per_class": 1,
        "flip_y": 0.1870362245657603,
        "class_sep": 1.0190189861679995
    },
    "DS600x400": {
        "n_samples": 600,
        "n_features": 400,
        "n_informative": 56,
        "n_redundant": 27,
        "n_repeated": 0,
        "n_classes": 5,
        "n_clusters_per_class": 1,
        "flip_y": 0.3710685896494491,
        "class_sep": 1.395066324517445
    },
    "DS800x400": {
        "n_samples": 800,
        "n_features": 400,
        "n_informative": 141,
        "n_redundant": 99,
        "n_repeated": 0,
        "n_classes": 10,
        "n_clusters_per_class": 1,
        "flip_y": 0.08678156442730077,
        "class_sep": 2.2912330357806194
    },
    "DS200x600": {
        "n_samples": 200,
        "n_features": 600,
        "n_informative": 125,
        "n_redundant": 243,
        "n_repeated": 0,
        "n_classes": 30,
        "n_clusters_per_class": 1,
        "flip_y": 0.10603089133278333,
        "class_sep": 1.1505085705628226
    },
    "DS400x600": {
        "n_samples": 400,
        "n_features": 600,
        "n_informative": 21,
        "n_redundant": 124,
        "n_repeated": 0,
        "n_classes": 12,
        "n_clusters_per_class": 3,
        "flip_y": 0.2744519878332669,
        "class_sep": 0.5209287529815672
    },
    "DS600x600": {
        "n_samples": 600,
        "n_features": 600,
        "n_informative": 85,
        "n_redundant": 55,
        "n_repeated": 0,
        "n_classes": 5,
        "n_clusters_per_class": 2,
        "flip_y": 0.10554501255541089,
        "class_sep": 1.3011848516756417
    },
    "DS800x600": {
        "n_samples": 800,
        "n_features": 600,
        "n_informative": 99,
        "n_redundant": 199,
        "n_repeated": 0,
        "n_classes": 24,
        "n_clusters_per_class": 2,
        "flip_y": 0.19297099157741682,
        "class_sep": 0.6855476791825121
    },
    "DS200x800": {
        "n_samples": 200,
        "n_features": 800,
        "n_informative": 321,
        "n_redundant": 397,
        "n_repeated": 0,
        "n_classes": 14,
        "n_clusters_per_class": 2,
        "flip_y": 0.4514716229696248,
        "class_sep": 1.1176891769447312
    },
    "DS400x800": {
        "n_samples": 400,
        "n_features": 800,
        "n_informative": 340,
        "n_redundant": 14,
        "n_repeated": 0,
        "n_classes": 3,
        "n_clusters_per_class": 3,
        "flip_y": 0.09701808424827889,
        "class_sep": 0.6490836829698168
    },
    "DS600x800": {
        "n_samples": 600,
        "n_features": 800,
        "n_informative": 399,
        "n_redundant": 240,
        "n_repeated": 0,
        "n_classes": 11,
        "n_clusters_per_class": 1,
        "flip_y": 0.39629951182971274,
        "class_sep": 1.5056376706211996
    },
    "DS800x800": {
        "n_samples": 800,
        "n_features": 800,
        "n_informative": 392,
        "n_redundant": 225,
        "n_repeated": 0,
        "n_classes": 9,
        "n_clusters_per_class": 2,
        "flip_y": 0.03990680643275444,
        "class_sep": 1.6978599671533854
    }
}