{
    "SPEC": {
        "DS500x6500.mat": {
            "nmi": 0.21938156367620015,
            "acc": 0.13210000000000005,
            "run_time": 3.4541845321655273
        },
        "DS1500x1000.mat": {
            "nmi": 0.044199841701378965,
            "acc": 0.12310000000000003,
            "run_time": 5.6826512813568115
        },
        "DS1500x2000.mat": {
            "nmi": 0.01541642987232222,
            "acc": 0.14123333333333335,
            "run_time": 10.6427903175354
        },
        "DS1000x4000.mat": {
            "nmi": 0.1202032564454264,
            "acc": 0.10410000000000001,
            "run_time": 7.118950843811035
        },
        "DS1000x5500.mat": {
            "nmi": 0.003722407683591876,
            "acc": 0.359,
            "run_time": 9.657154321670532
        },
        "DS5500x500.mat": {
            "nmi": 0.011266261481708322,
            "acc": 0.13743636363636363,
            "run_time": 157.5781955718994
        },
        "DS500x1500.mat": {
            "nmi": 0.20454188376251725,
            "acc": 0.14409999999999998,
            "run_time": 0.7607648372650146
        },
        "DS9000x1000.mat": {
            "nmi": 0.006191595373496238,
            "acc": 0.12589444444444445,
            "run_time": 871.3425559997559
        },
        "DS1000x4500.mat": {
            "nmi": 0.01543339744836345,
            "acc": 0.39695,
            "run_time": 17.342934370040894
        },
        "DS4500x1500.mat": {
            "nmi": 0.02266906784161175,
            "acc": 0.07110000000000001,
            "run_time": 315.8088343143463
        },
        "DS5000x1000.mat": {
            "nmi": 0.018013432478047625,
            "acc": 0.07534,
            "run_time": 275.5377526283264
        },
        "DS8500x500.mat": {
            "nmi": 0.026056344903939366,
            "acc": 0.14132352941176474,
            "run_time": 505.3440668582916
        },
        "DS1000x6500.mat": {
            "nmi": 0.1362779474493312,
            "acc": 0.10369999999999999,
            "run_time": 20.29371213912964
        },
        "DS2000x1500.mat": {
            "nmi": 0.012922169527489666,
            "acc": 0.16935,
            "run_time": 31.555778980255127
        },
        "DS2000x2500.mat": {
            "nmi": 0.022672639902836106,
            "acc": 0.1002,
            "run_time": 51.088785886764526
        },
        "DS1500x3500.mat": {
            "nmi": 0.03796067794084186,
            "acc": 0.10853333333333334,
            "run_time": 40.4291307926178
        },
        "DS3500x1000.mat": {
            "nmi": 0.010872550430011644,
            "acc": 0.10717142857142856,
            "run_time": 132.44208145141602
        },
        "DS500x500.mat": {
            "nmi": 0.24467227823831078,
            "acc": 0.14179999999999998,
            "run_time": 0.3012051582336426
        },
        "DS1000x7000.mat": {
            "nmi": 0.106458419293578,
            "acc": 0.1224,
            "run_time": 25.6951322555542
        },
        "DS2000x2000.mat": {
            "nmi": 0.04805337207928037,
            "acc": 0.08422499999999998,
            "run_time": 40.738869190216064
        },
        "DS1000x9500.mat": {
            "nmi": 0.059406078274281994,
            "acc": 0.10885000000000003,
            "run_time": 31.98455262184143
        },
        "DS7000x1000.mat": {
            "nmi": 0.012342212649113326,
            "acc": 0.1394142857142857,
            "run_time": 556.8725764751434
        },
        "DS3000x1500.mat": {
            "nmi": 0.009542444640010608,
            "acc": 0.11184999999999998,
            "run_time": 144.12492489814758
        },
        "DS4000x1000.mat": {
            "nmi": 0.00504465537598915,
            "acc": 0.151175,
            "run_time": 169.5421118736267
        },
        "DS7500x1000.mat": {
            "nmi": 0.0300991364587797,
            "acc": 0.10181333333333334,
            "run_time": 644.5812401771545
        },
        "DS1500x6500.mat": {
            "nmi": 0.043513174771621185,
            "acc": 0.09860000000000001,
            "run_time": 74.09818577766418
        },
        "DS500x8000.mat": {
            "nmi": 0.1547695539189858,
            "acc": 0.13540000000000002,
            "run_time": 3.9866557121276855
        },
        "DS2000x3000.mat": {
            "nmi": 0.05861107742475764,
            "acc": 0.08914999999999998,
            "run_time": 60.60608172416687
        },
        "DS2500x3000.mat": {
            "nmi": 0.029213137415991443,
            "acc": 0.09434,
            "run_time": 180.651109457016
        },
        "DS3000x1000.mat": {
            "nmi": 0.01548940520069468,
            "acc": 0.09406666666666666,
            "run_time": 92.70436835289001
        },
        "DS6500x500.mat": {
            "nmi": 0.030634078177893976,
            "acc": 0.07413076923076924,
            "run_time": 264.09991908073425
        },
        "DS500x4500.mat": {
            "nmi": 0.12356500062673134,
            "acc": 0.3588,
            "run_time": 2.307753801345825
        },
        "DS500x5000.mat": {
            "nmi": 0.0006771459323380278,
            "acc": 0.5127000000000002,
            "run_time": 2.6730151176452637
        },
        "DS500x6000.mat": {
            "nmi": 0.24081529571337965,
            "acc": 0.13890000000000002,
            "run_time": 3.215655565261841
        },
        "DS5000x1500.mat": {
            "nmi": 0.0040090073307656035,
            "acc": 0.1329,
            "run_time": 393.3959617614746
        },
        "DS2000x500.mat": {
            "nmi": 0.000763159682458909,
            "acc": 0.34622499999999995,
            "run_time": 12.210761308670044
        },
        "DS1500x1500.mat": {
            "nmi": 0.02560566615185799,
            "acc": 0.5939,
            "run_time": 17.68757653236389
        },
        "DS4500x500.mat": {
            "nmi": 0.017940758908939907,
            "acc": 0.13676666666666668,
            "run_time": 125.7245283126831
        },
        "DS3000x3000.mat": {
            "nmi": 0.01674229810245,
            "acc": 0.09623333333333334,
            "run_time": 265.6341509819031
        },
        "DS2000x1000.mat": {
            "nmi": 0.04609407792051219,
            "acc": 0.08754999999999999,
            "run_time": 21.841949462890625
        },
        "DS1000x9000.mat": {
            "nmi": 0.059724684738279535,
            "acc": 0.10945,
            "run_time": 33.42673397064209
        },
        "DS6500x1000.mat": {
            "nmi": 0.004979622663305071,
            "acc": 0.10336923076923077,
            "run_time": 466.8868577480316
        },
        "DS500x7000.mat": {
            "nmi": 0.20004925888403782,
            "acc": 0.134,
            "run_time": 3.581702470779419
        },
        "DS500x2000.mat": {
            "nmi": 0.031355387921575203,
            "acc": 0.17370000000000002,
            "run_time": 1.0801596641540527
        },
        "DS5500x1500.mat": {
            "nmi": 0.02872308433856216,
            "acc": 0.06428181818181819,
            "run_time": 467.795223236084
        },
        "DS5000x2000.mat": {
            "nmi": 0.029645644498920275,
            "acc": 0.06703,
            "run_time": 503.23873805999756
        },
        "DS500x7500.mat": {
            "nmi": 0.13413594596942047,
            "acc": 0.14600000000000002,
            "run_time": 3.6549952030181885
        },
        "DS500x1000.mat": {
            "nmi": 0.01121128820709879,
            "acc": 0.3952,
            "run_time": 0.5487611293792725
        },
        "DS500x2500.mat": {
            "nmi": 0.14070896691958795,
            "acc": 0.13730000000000003,
            "run_time": 1.3069891929626465
        },
        "DS4000x2000.mat": {
            "nmi": 0.015026310772465083,
            "acc": 0.08172499999999999,
            "run_time": 322.88127398490906
        },