{
    "UDFS": {
        "DS2000x500.mat": {
            "nmi": 0.07825492386891121,
            "acc": 0.46849999999999997,
            "run_time": 51.19985485076904
        },
        "DS1500x1500.mat": {
            "nmi": 0.3350187379636206,
            "acc": 0.825,
            "run_time": 61.73738408088684
        },
        "DS4500x500.mat": {
            "nmi": 0.021023302054502372,
            "acc": 0.1406777777777778,
            "run_time": 1205.6065776348114
        },
        "DS3000x3000.mat": {
            "nmi": 0.016796511043628025,
            "acc": 0.09623333333333334,
            "run_time": 2204.3677973747253
        },
        "DS2000x1000.mat": {
            "nmi": 0.04845695808309509,
            "acc": 0.091425,
            "run_time": 66.2401282787323
        },
        "DS500x3500.mat": {
            "nmi": 0.04031339295222486,
            "acc": 0.163,
            "run_time": 775.1070306301117
        },
        "DS500x3000.mat": {
            "nmi": 0.13676289434939023,
            "acc": 0.1403,
            "run_time": 1055.4370832443237
        },
        "DS2500x1000.mat": {
            "nmi": 0.014331106430342203,
            "acc": 0.17226000000000002,
            "run_time": 90.28859448432922
        },
        "DS6500x1500.mat": {
            "nmi": 0.001726551253066733,
            "acc": 0.27024615384615386,
            "run_time": 1502.4087347984314
        },
        "DS6000x1500.mat": {
            "nmi": 0.03488009891006124,
            "acc": 0.2599666666666666,
            "run_time": 1632.5304188728333
        },
        "DS7500x500.mat": {
            "nmi": 0.007797551988075578,
            "acc": 0.13060666666666668,
            "run_time": 3146.1738986968994
        },
        "DS3000x2000.mat": {
            "nmi": 0.028166769879887428,
            "acc": 0.0819,
            "run_time": 311.191180229187
        },
        "DS1500x3000.mat": {
            "nmi": 0.01878501870373402,
            "acc": 0.22643333333333335,
            "run_time": 665.9213311672211
        },
        "DS6000x500.mat": {
            "nmi": 0.025831700444288723,
            "acc": 0.10137499999999999,
            "run_time": 1214.699806213379
        },
        "DS2500x2000.mat": {
            "nmi": 0.0007008692645274113,
            "acc": 0.34831999999999996,
            "run_time": 318.74247217178345
        },
        "DS500x5500.mat": {
            "nmi": 0.007010200179682416,
            "acc": 0.3733000000000001,
            "run_time": 4680.252913475037
        },
        "DS2500x2500.mat": {
            "nmi": 0.007116372702321452,
            "acc": 0.15604,
            "run_time": 640.5869083404541
        },
        "DS3000x2500.mat": {
            "nmi": 0.0032621283133370343,
            "acc": 0.22403333333333336,
            "run_time": 723.0455691814423
        },
        "DS3000x500.mat": {
            "nmi": 0.04836222345191245,
            "acc": 0.08196666666666667,
            "run_time": 205.02711701393127
        },
        "DS1000x3500.mat": {
            "nmi": 0.228258962184066,
            "acc": 0.2636,
            "run_time": 4610.6273992061615
        },
        "DS5500x500.mat": {
            "nmi": 0.01318614818877091,
            "acc": 0.1410545454545455,
            "run_time": 1541.2772839069366
        },
        "DS500x1500.mat": {
            "nmi": 0.1995187305269686,
            "acc": 0.14350000000000002,
            "run_time": 14.371381759643555
        },
        "DS9000x1000.mat": {
            "nmi": 0.010710510777231024,
            "acc": 0.14194444444444443,
            "run_time": 6899.80116724968
        },
        "DS1000x4500.mat": {
            "nmi": 0.024420939951188634,
            "acc": 0.4266,
            "run_time": 2121.613616466522
        },
        "DS4500x1500.mat": {
            "nmi": 0.03573779515764512,
            "acc": 0.08613333333333334,
            "run_time": 910.5746676921844
        },
        "DS2500x500.mat": {
            "nmi": 0.045739884637021104,
            "acc": 0.184,
            "run_time": 99.15997672080994
        },
        "DS1000x500.mat": {
            "nmi": 0.06717864589158021,
            "acc": 0.11305000000000003,
            "run_time": 4.217397928237915
        },
        "DS6000x1000.mat": {
            "nmi": 0.013251882620078337,
            "acc": 0.07085833333333334,
            "run_time": 1206.208645582199
        },
        "DS2000x5000.mat": {
            "nmi": 0.026375973793443773,
            "acc": 0.11935,
            "run_time": 4447.210697412491
        },
        "DS1500x4500.mat": {
            "nmi": 0.008180258286202589,
            "acc": 0.17670000000000002,
            "run_time": 6318.671580553055
        },
        "DS1500x4000.mat": {
            "nmi": 0.013707792246606117,
            "acc": 0.12643333333333334,
            "run_time": 3709.1633105278015
        },
        "DS7000x500.mat": {
            "nmi": 0.003798854979474483,
            "acc": 0.3630714285714286,
            "run_time": 1857.7452809810638
        },
        "DS4000x2500.mat": {
            "nmi": 0.024600713262122743,
            "acc": 0.1832375,
            "run_time": 903.6788175106049
        },
        "DS9500x500.mat": {
            "nmi": 0.019568790070032815,
            "acc": 0.40644736842105267,
            "run_time": 4611.957491874695
        },
        "DS4500x1000.mat": {
            "nmi": 0.00024036024904969282,
            "acc": 0.509,
            "run_time": 492.6078631877899
        },
        "DS1500x3500.mat": {
            "nmi": 0.04181991655612398,
            "acc": 0.11296666666666669,
            "run_time": 1259.9497175216675
        },
        "DS3500x1000.mat": {
            "nmi": 0.013364274092031354,
            "acc": 0.1100142857142857,
            "run_time": 345.04034543037415
        },
        "DS500x500.mat": {
            "nmi": 0.23990946129391938,
            "acc": 0.1409,
            "run_time": 0.6676919460296631
        },
        "DS1000x7000.mat": {
            "nmi": null,
            "acc": null,
            "run_time": null
        },
        "DS2000x2000.mat": {
            "nmi": 0.05077857467789989,
            "acc": 0.0857,
            "run_time": 77.81089687347412
        },
        "DS1000x3000.mat": {
            "nmi": 0.04789505897771083,
            "acc": 0.11879999999999998,
            "run_time": 85.29708409309387
        },
        "DS2000x4000.mat": {
            "nmi": 0.04031342564566083,
            "acc": 0.09727500000000001,
            "run_time": 1247.5003962516785
        },
        "DS2000x4500.mat": {
            "nmi": 0.03687359490461692,
            "acc": 0.0908,
            "run_time": 4263.554419994354
        },
        "DS1000x5000.mat": {
            "nmi": 0.0029323917536176044,
            "acc": 0.2737,
            "run_time": 7854.472870111465
        },
        "DS5000x500.mat": {
            "nmi": 0.013212773431973007,
            "acc": 0.08402000000000001,
            "run_time": 682.564220905304
        },
        "DS5000x1000.mat": {
            "nmi": 0.018575075203061592,
            "acc": 0.07576,
            "run_time": 1187.0764095783234
        },
        "DS8500x500.mat": {
            "nmi": 0.07749261778753645,
            "acc": 0.2487941176470588,
            "run_time": 5944.531842708588
        },
        "DS1000x6500.mat": {
            "nmi": null,
            "acc": null,
            "run_time": null
        },
        "DS2000x1500.mat": {
            "nmi": 0.019174974496801032,
            "acc": 0.18212499999999998,
            "run_time": 248.72545838356018
        },
        "DS2000x2500.mat": {
            "nmi": 0.02211025527933922,
            "acc": 0.1016,
            "run_time": 237.37499403953552
        },
        "DS10000x500.mat": {
            "nmi": 0.010936247619866852,
            "acc": 0.15094499999999997,
            "run_time": 5368.062783479691
        },