{
    "lap_score": {
        "DS500x6500.mat": {
            "nmi": 0.22091122354962606,
            "acc": 0.1358,
            "runtime": 0.3237638473510742
        },
        "DS1500x1000.mat": {
            "nmi": 0.059628397865014025,
            "acc": 0.1413,
            "runtime": 0.5973961353302002
        },
        "DS1500x2000.mat": {
            "nmi": 0.019876611863403806,
            "acc": 0.14709999999999998,
            "runtime": 0.9463870525360107
        },
        "DS1000x4000.mat": {
            "nmi": 0.12715702404002233,
            "acc": 0.10715000000000001,
            "runtime": 0.7315585613250732
        },
        "DS1000x5500.mat": {
            "nmi": 0.00444440748736742,
            "acc": 0.36435,
            "runtime": 0.9435358047485352
        },
        "DS5500x500.mat": {
            "nmi": 0.016123950762361332,
            "acc": 0.14906363636363637,
            "runtime": 6.2354185581207275
        },
        "DS500x1500.mat": {
            "nmi": 0.19816944677361575,
            "acc": 0.1459,
            "runtime": 0.09159541130065918
        },
        "DS9000x1000.mat": {
            "nmi": 0.011870277382722439,
            "acc": 0.14245,
            "runtime": 22.55220866203308
        },
        "DS1000x4500.mat": {
            "nmi": 0.0598326981561433,
            "acc": 0.43545000000000006,
            "runtime": 0.8118126392364502
        },
        "DS4500x1500.mat": {
            "nmi": 0.036253573174767705,
            "acc": 0.08644444444444443,
            "runtime": 6.888623237609863
        },
        "DS5000x1000.mat": {
            "nmi": 0.019129703229081526,
            "acc": 0.07542,
            "runtime": 6.891633033752441
        },
        "DS8500x500.mat": {
            "nmi": 0.07709055938237859,
            "acc": 0.24554705882352934,
            "runtime": 15.698575973510742
        },
        "DS1000x6500.mat": {
            "nmi": 0.13885240324391918,
            "acc": 0.10545000000000002,
            "runtime": 1.1169850826263428
        },
        "DS2000x1500.mat": {
            "nmi": 0.0371354896073289,
            "acc": 0.21109999999999998,
            "runtime": 1.3631610870361328
        },
        "DS2000x2500.mat": {
            "nmi": 0.022024261210735568,
            "acc": 0.100525,
            "runtime": 1.9160699844360352
        },
        "DS1500x3500.mat": {
            "nmi": 0.04489093694708331,
            "acc": 0.1147,
            "runtime": 1.418785810470581
        },
        "DS3500x1000.mat": {
            "nmi": 0.012145610915437813,
            "acc": 0.10898571428571428,
            "runtime": 3.349097728729248
        },
        "DS500x500.mat": {
            "nmi": 0.23866474422739908,
            "acc": 0.14190000000000005,
            "runtime": 0.05049896240234375
        },
        "DS1000x7000.mat": {
            "nmi": 0.12481837366039956,
            "acc": 0.1348,
            "runtime": 1.2084197998046875
        },
        "DS2000x2000.mat": {
            "nmi": 0.04994875142261758,
            "acc": 0.08465,
            "runtime": 1.6279339790344238
        },
        "DS1000x9500.mat": {
            "nmi": 0.06380493018049697,
            "acc": 0.11060000000000006,
            "runtime": 1.5834009647369385
        },
        "DS7000x1000.mat": {
            "nmi": 0.01566585269124888,
            "acc": 0.14572857142857143,
            "runtime": 13.707408666610718
        },
        "DS3000x1500.mat": {
            "nmi": 0.012470818812341428,
            "acc": 0.11778333333333331,
            "runtime": 3.0576469898223877
        },
        "DS4000x1000.mat": {
            "nmi": 0.007075870863487407,
            "acc": 0.1557625,
            "runtime": 4.378227949142456
        },
        "DS7500x1000.mat": {
            "nmi": 0.03812167725375287,
            "acc": 0.11076666666666668,
            "runtime": 15.777381896972656
        },
        "DS1500x6500.mat": {
            "nmi": 0.04558494615427839,
            "acc": 0.09783333333333334,
            "runtime": 2.3872010707855225
        },
        "DS500x8000.mat": {
            "nmi": 0.15468320152760884,
            "acc": 0.1365,
            "runtime": 0.3909766674041748
        },
        "DS2000x3000.mat": {
            "nmi": 0.06177516805786286,
            "acc": 0.09155,
            "runtime": 2.170557975769043
        },
        "DS2500x3000.mat": {
            "nmi": 0.029850105529152154,
            "acc": 0.09526000000000001,
            "runtime": 3.4007349014282227
        },
        "DS3000x1000.mat": {
            "nmi": 0.018192132663877644,
            "acc": 0.09748333333333331,
            "runtime": 2.4427871704101562
        },
        "DS6500x500.mat": {
            "nmi": 0.03674263012722784,
            "acc": 0.08070769230769231,
            "runtime": 9.052889585494995
        },
        "DS500x4500.mat": {
            "nmi": 0.2357886941607307,
            "acc": 0.44670000000000004,
            "runtime": 0.22765731811523438
        },
        "DS500x5000.mat": {
            "nmi": 0.0016338140687818068,
            "acc": 0.5206999999999999,
            "runtime": 0.26018500328063965
        },
        "DS500x6000.mat": {
            "nmi": 0.2184945139043802,
            "acc": 0.1306,
            "runtime": 0.2788674831390381
        },
        "DS5000x1500.mat": {
            "nmi": 0.0037849157445200344,
            "acc": 0.13198999999999997,
            "runtime": 8.524597644805908
        },
        "DS2000x500.mat": {
            "nmi": 0.08441960086494615,
            "acc": 0.47787499999999994,
            "runtime": 0.7965855598449707
        },
        "DS1500x1500.mat": {
            "nmi": 0.37684800258832374,
            "acc": 0.8444666666666667,
            "runtime": 0.7479405403137207
        },
        "DS4500x500.mat": {
            "nmi": 0.020822835398672617,
            "acc": 0.14087777777777777,
            "runtime": 4.205783843994141
        },
        "DS3000x3000.mat": {
            "nmi": 0.016527158231644086,
            "acc": 0.09651666666666667,
            "runtime": 4.84254789352417
        },
        "DS2000x1000.mat": {
            "nmi": 0.047629437186780275,
            "acc": 0.08962500000000002,
            "runtime": 1.074073076248169
        },
        "DS1000x9000.mat": {
            "nmi": 0.06319453824685825,
            "acc": 0.11075000000000002,
            "runtime": 1.4770605564117432
        },
        "DS6500x1000.mat": {
            "nmi": 0.00505575754737206,
            "acc": 0.10333846153846153,
            "runtime": 11.496145009994507
        },
        "DS500x7000.mat": {
            "nmi": 0.19561892602031347,
            "acc": 0.1337,
            "runtime": 0.31995725631713867
        },
        "DS500x2000.mat": {
            "nmi": 0.03793454217941911,
            "acc": 0.1782,
            "runtime": 0.10515427589416504
        },
        "DS5500x1500.mat": {
            "nmi": 0.030701482552192016,
            "acc": 0.06592727272727274,
            "runtime": 10.083690404891968
        },
        "DS5000x2000.mat": {
            "nmi": 0.03058157133818724,
            "acc": 0.06733,
            "runtime": 9.710688352584839
        },
        "DS500x7500.mat": {
            "nmi": 0.13381805099761618,
            "acc": 0.1446,
            "runtime": 0.35276293754577637
        },
        "DS500x1000.mat": {
            "nmi": 0.02092556118632117,
            "acc": 0.4152,
            "runtime": 0.06912398338317871
        },
        "DS500x2500.mat": {
            "nmi": 0.14242582253938274,
            "acc": 0.13649999999999998,
            "runtime": 0.12927579879760742
        },
        "DS4000x2000.mat": {
            "nmi": 0.015660758731073237,
            "acc": 0.0825125,
            "runtime": 6.241780996322632
        },
        "DS500x3500.mat": {
            "nmi": 0.040314402046086245,
            "acc": 0.16570000000000001,