{
    "low_variance": {
        "DS500x6500.mat": {
            "nmi": 0.2071570806525543,
            "acc": 0.1349,
            "runtime": 0.0503997802734375
        },
        "DS1500x1000.mat": {
            "nmi": 0.07095280488622714,
            "acc": 0.1604,
            "runtime": 0.014022588729858398
        },
        "DS1500x2000.mat": {
            "nmi": 0.022921707010967567,
            "acc": 0.1515,
            "runtime": 0.023412704467773438
        },
        "DS1000x4000.mat": {
            "nmi": 0.1273121529997631,
            "acc": 0.10730000000000002,
            "runtime": 0.033553361892700195
        },
        "DS1000x5500.mat": {
            "nmi": 0.004541986659826999,
            "acc": 0.36515,
            "runtime": 0.06859850883483887
        },
        "DS5500x500.mat": {
            "nmi": 0.017517608032332745,
            "acc": 0.15249090909090912,
            "runtime": 0.021123409271240234
        },
        "DS500x1500.mat": {
            "nmi": 0.1951360096452151,
            "acc": 0.144,
            "runtime": 0.008173465728759766
        },
        "DS9000x1000.mat": {
            "nmi": 0.013028679963534125,
            "acc": 0.14258888888888888,
            "runtime": 0.14593052864074707
        },
        "DS1000x4500.mat": {
            "nmi": 0.05896203529917597,
            "acc": 0.449,
            "runtime": 0.08463263511657715
        },
        "DS4500x1500.mat": {
            "nmi": 0.03630877760970211,
            "acc": 0.08645555555555554,
            "runtime": 0.13161015510559082
        },
        "DS5000x1000.mat": {
            "nmi": 0.019712129587778467,
            "acc": 0.07675000000000001,
            "runtime": 0.09778904914855957
        },
        "DS8500x500.mat": {
            "nmi": 0.08390162762412486,
            "acc": 0.26544705882352937,
            "runtime": 0.07950806617736816
        },
        "DS1000x6500.mat": {
            "nmi": 0.13487365688134348,
            "acc": 0.10600000000000002,
            "runtime": 0.14265656471252441
        },
        "DS2000x1500.mat": {
            "nmi": 0.04563438077877457,
            "acc": 0.23572500000000002,
            "runtime": 0.057343244552612305
        },
        "DS2000x2500.mat": {
            "nmi": 0.02386762184870648,
            "acc": 0.100275,
            "runtime": 0.07094860076904297
        },
        "DS1500x3500.mat": {
            "nmi": 0.04755532468476249,
            "acc": 0.11563333333333334,
            "runtime": 0.1167917251586914
        },
        "DS3500x1000.mat": {
            "nmi": 0.01400735117722885,
            "acc": 0.1120857142857143,
            "runtime": 0.06096196174621582
        },
        "DS500x500.mat": {
            "nmi": 0.23797800335950062,
            "acc": 0.1422,
            "runtime": 0.0027441978454589844
        },
        "DS1000x7000.mat": {
            "nmi": 0.13163833343815165,
            "acc": 0.1409,
            "runtime": 0.15438270568847656
        },
        "DS2000x2000.mat": {
            "nmi": 0.0508430020052701,
            "acc": 0.082875,
            "runtime": 0.06827211380004883
        },
        "DS1000x9500.mat": {
            "nmi": 0.06673332979635681,
            "acc": 0.10865,
            "runtime": 0.20537161827087402
        },
        "DS7000x1000.mat": {
            "nmi": 0.02071421480285694,
            "acc": 0.15595,
            "runtime": 0.1438601016998291
        },
        "DS3000x1500.mat": {
            "nmi": 0.01308691363782224,
            "acc": 0.1188333333333333,
            "runtime": 0.10834360122680664
        },
        "DS4000x1000.mat": {
            "nmi": 0.007335995997369146,
            "acc": 0.15572499999999997,
            "runtime": 0.07412457466125488
        },
        "DS7500x1000.mat": {
            "nmi": 0.04449811078594112,
            "acc": 0.11574666666666669,
            "runtime": 0.16105413436889648
        },
        "DS1500x6500.mat": {
            "nmi": 0.0484764725808432,
            "acc": 0.09716666666666668,
            "runtime": 0.2568323612213135
        },
        "DS500x8000.mat": {
            "nmi": 0.15078741858446615,
            "acc": 0.1371,
            "runtime": 0.0737760066986084
        },
        "DS2000x3000.mat": {
            "nmi": 0.06690700337444482,
            "acc": 0.09472500000000002,
            "runtime": 0.1171560287475586
        },
        "DS2500x3000.mat": {
            "nmi": 0.03290304500219361,
            "acc": 0.09753999999999999,
            "runtime": 0.15297460556030273
        },
        "DS3000x1000.mat": {
            "nmi": 0.017406172842413473,
            "acc": 0.09724999999999998,
            "runtime": 0.05722498893737793
        },
        "DS6500x500.mat": {
            "nmi": 0.041588284636652005,
            "acc": 0.08635384615384616,
            "runtime": 0.040024518966674805
        },
        "DS500x4500.mat": {
            "nmi": 0.2656234509687894,
            "acc": 0.4343000000000001,
            "runtime": 0.032132863998413086
        },
        "DS500x5000.mat": {
            "nmi": 0.002506130891770907,
            "acc": 0.5226000000000001,
            "runtime": 0.031693220138549805
        },
        "DS500x6000.mat": {
            "nmi": 0.21514598285020528,
            "acc": 0.13290000000000002,
            "runtime": 0.039884328842163086
        },
        "DS5000x1500.mat": {
            "nmi": 0.004043863108628514,
            "acc": 0.13206999999999997,
            "runtime": 0.15579009056091309
        },
        "DS2000x500.mat": {
            "nmi": 0.08321581089690262,
            "acc": 0.478925,
            "runtime": 0.013822078704833984
        },
        "DS1500x1500.mat": {
            "nmi": 0.38704528750866507,
            "acc": 0.8486333333333335,
            "runtime": 0.028517723083496094
        },
        "DS4500x500.mat": {
            "nmi": 0.020823382091787586,
            "acc": 0.14089999999999997,
            "runtime": 0.023926496505737305
        },
        "DS3000x3000.mat": {
            "nmi": 0.017973525430704868,
            "acc": 0.09815000000000002,
            "runtime": 0.20607328414916992
        },
        "DS2000x1000.mat": {
            "nmi": 0.04899575696293695,
            "acc": 0.09104999999999999,
            "runtime": 0.035218238830566406
        },
        "DS1000x9000.mat": {
            "nmi": 0.06619423315334491,
            "acc": 0.10755,
            "runtime": 0.18953323364257812
        },
        "DS6500x1000.mat": {
            "nmi": 0.005900026377489844,
            "acc": 0.10599230769230769,
            "runtime": 0.13684296607971191
        },
        "DS500x7000.mat": {
            "nmi": 0.17675112398403636,
            "acc": 0.1268,
            "runtime": 0.053975582122802734
        },
        "DS500x2000.mat": {
            "nmi": 0.03946847476980535,
            "acc": 0.1729,
            "runtime": 0.010526180267333984
        },
        "DS5500x1500.mat": {
            "nmi": 0.030626383534951958,
            "acc": 0.06637272727272728,
            "runtime": 0.1676647663116455
        },
        "DS5000x2000.mat": {
            "nmi": 0.03221647477181649,
            "acc": 0.06881000000000001,
            "runtime": 0.17110872268676758
        },
        "DS500x7500.mat": {
            "nmi": 0.13756126607065094,
            "acc": 0.15159999999999998,
            "runtime": 0.05395627021789551
        },
        "DS500x1000.mat": {
            "nmi": 0.02300657561361,
            "acc": 0.40890000000000004,
            "runtime": 0.005881547927856445
        },
        "DS500x2500.mat": {
            "nmi": 0.13690106765363533,
            "acc": 0.13489999999999996,
            "runtime": 0.016076326370239258
        },
        "DS4000x2000.mat": {
            "nmi": 0.016169390737058812,
            "acc": 0.08253750000000001,
            "runtime": 0.15748071670532227
        },