{
    "MCFS": {
        "DS500x6500.mat": {
            "nmi": 0.21122734721285746,
            "acc": 0.13249999999999998,
            "runtime": 5.875118255615234
        },
        "DS1500x1000.mat": {
            "nmi": 0.046033939715859215,
            "acc": 0.12536666666666668,
            "runtime": 3.759122848510742
        },
        "DS1500x2000.mat": {
            "nmi": 0.01757597630340994,
            "acc": 0.1429,
            "runtime": 6.613996982574463
        },
        "DS1000x4000.mat": {
            "nmi": 0.11880437257675,
            "acc": 0.10410000000000004,
            "runtime": 7.0113136768341064
        },
        "DS1000x5500.mat": {
            "nmi": 0.0013074743184412368,
            "acc": 0.34964999999999996,
            "runtime": 9.48913836479187
        },
        "DS500x8500.mat": {
            "nmi": 0.18949407692042303,
            "acc": 0.13160000000000002,
            "runtime": 7.486058473587036
        },
        "DS1000x1000.mat": {
            "nmi": 0.012360910542901076,
            "acc": 0.1646,
            "runtime": 2.1152007579803467
        },
        "DS500x9000.mat": {
            "nmi": 0.118605852492774,
            "acc": 0.1358,
            "runtime": 7.789957046508789
        },
        "DS1000x6000.mat": {
            "nmi": 0.006850220224661125,
            "acc": 0.2292,
            "runtime": 10.24147653579712
        },
        "DS3500x1500.mat": {
            "nmi": 0.028730737969092666,
            "acc": 0.10612857142857139,
            "runtime": 25.81062340736389
        },
        "DS1500x3500.mat": {
            "nmi": 0.03155904322175691,
            "acc": 0.1016,
            "runtime": 10.041663646697998
        },
        "DS3500x1000.mat": {
            "nmi": 0.015496195314341469,
            "acc": 0.11364285714285716,
            "runtime": 21.986334800720215
        },
        "DS500x500.mat": {
            "nmi": 0.22659390247397973,
            "acc": 0.1343,
            "runtime": 0.7945113182067871
        },
        "DS1000x7000.mat": {
            "nmi": 0.12430240990382965,
            "acc": 0.1346,
            "runtime": 12.027350187301636
        },
        "DS2000x2000.mat": {
            "nmi": 0.048862713744574536,
            "acc": 0.08402499999999999,
            "runtime": 10.41738486289978
        },
        "DS1500x6500.mat": {
            "nmi": 0.04450733365782401,
            "acc": 0.0995,
            "runtime": 16.004191637039185
        },
        "DS500x8000.mat": {
            "nmi": 0.15367162324292777,
            "acc": 0.13590000000000002,
            "runtime": 6.084620714187622
        },
        "DS2000x3000.mat": {
            "nmi": 0.04825961794573429,
            "acc": 0.08229999999999997,
            "runtime": 12.540050506591797
        },
        "DS2500x3000.mat": {
            "nmi": 0.025259252244102953,
            "acc": 0.09215999999999999,
            "runtime": 18.277343273162842
        },
        "DS3000x1000.mat": {
            "nmi": 0.013591818060072033,
            "acc": 0.09261666666666665,
            "runtime": 14.262532711029053
        },
        "DS1000x2000.mat": {
            "nmi": 0.10000861066382138,
            "acc": 0.1012,
            "runtime": 5.589642524719238
        },
        "DS1500x5500.mat": {
            "nmi": 0.056547450089496396,
            "acc": 0.09353333333333333,
            "runtime": 17.714656591415405
        },
        "DS1000x8500.mat": {
            "nmi": 0.08781696967544125,
            "acc": 0.10560000000000003,
            "runtime": 16.4426109790802
        },
        "DS2000x3500.mat": {
            "nmi": 0.005545479398592789,
            "acc": 0.15237499999999995,
            "runtime": 19.506475925445557
        },
        "DS2500x3500.mat": {
            "nmi": 0.0366873771281714,
            "acc": 0.09132,
            "runtime": 29.90575122833252
        },
        "DS500x5500.mat": {
            "nmi": 0.005269852573038208,
            "acc": 0.3672,
            "runtime": 6.434475660324097
        },
        "DS2500x2500.mat": {
            "nmi": 0.006145717515833299,
            "acc": 0.15389999999999998,
            "runtime": 21.23273515701294
        },
        "DS3000x2500.mat": {
            "nmi": 0.0029425954259976054,
            "acc": 0.2223833333333333,
            "runtime": 31.387341022491455
        },
        "DS3000x500.mat": {
            "nmi": 0.0474843648692103,
            "acc": 0.08131666666666666,
            "runtime": 17.566389083862305
        },
        "DS1000x3500.mat": {
            "nmi": 0.23968413199072672,
            "acc": 0.2697,
            "runtime": 7.783601999282837
        },
        "DS2000x500.mat": {
            "nmi": 0.07156062718848559,
            "acc": 0.4629999999999999,
            "runtime": 6.480161190032959
        },
        "DS1500x1500.mat": {
            "nmi": 0.011360202904378223,
            "acc": 0.5626666666666668,
            "runtime": 6.408201456069946
        },
        "DS4500x500.mat": {
            "nmi": 0.02041353943100494,
            "acc": 0.1411777777777778,
            "runtime": 44.20398139953613
        },
        "DS3000x3000.mat": {
            "nmi": 0.01636854133368445,
            "acc": 0.09613333333333335,
            "runtime": 35.66281580924988
        },
        "DS2000x1000.mat": {
            "nmi": 0.04585931411759471,
            "acc": 0.089,
            "runtime": 6.956658601760864
        },
        "DS1000x2500.mat": {
            "nmi": 0.07837210644850354,
            "acc": 0.10925,
            "runtime": 5.805612564086914
        },
        "DS2500x1500.mat": {
            "nmi": 0.0241382873818253,
            "acc": 0.08536000000000002,
            "runtime": 13.72036623954773
        },
        "DS3500x500.mat": {
            "nmi": 0.3074348317990775,
            "acc": 0.2907142857142858,
            "runtime": 22.298322200775146
        },
        "DS500x9500.mat": {
            "nmi": 0.07551553638172778,
            "acc": 0.14589999999999997,
            "runtime": 8.655590057373047
        },
        "DS4000x1500.mat": {
            "nmi": 0.007056304990111277,
            "acc": 0.1179,
            "runtime": 39.931376934051514
        },
        "DS1000x3000.mat": {
            "nmi": 0.04568601824969757,
            "acc": 0.11574999999999999,
            "runtime": 6.533702373504639
        },
        "DS2000x4000.mat": {
            "nmi": 0.03134897204378392,
            "acc": 0.089825,
            "runtime": 16.96480703353882
        },
        "DS2000x4500.mat": {
            "nmi": 0.0344531339808135,
            "acc": 0.088875,
            "runtime": 19.342114448547363
        },
        "DS1000x5000.mat": {
            "nmi": 0.0026684951627609665,
            "acc": 0.27255000000000007,
            "runtime": 10.124391317367554
        },
        "DS5000x500.mat": {
            "nmi": 0.012804587251840688,
            "acc": 0.08279,
            "runtime": 57.562886238098145
        },
        "DS1500x2500.mat": {
            "nmi": 0.008079984156331533,
            "acc": 0.15659999999999996,
            "runtime": 8.000455856323242
        },
        "DS1500x6000.mat": {
            "nmi": 0.000913841589067174,
            "acc": 0.3476,
            "runtime": 16.713765621185303
        },
        "DS4500x2000.mat": {
            "nmi": 0.06847144478595404,
            "acc": 0.15072222222222226,
            "runtime": 56.42137145996094
        },
        "DS3500x2500.mat": {
            "nmi": 0.011124741319213968,
            "acc": 0.13822857142857142,
            "runtime": 38.326550245285034
        },
        "DS1500x5000.mat": {
            "nmi": 0.00210658582525706,
            "acc": 0.27049999999999996,
            "runtime": 14.721171617507935
        },
        "DS5000x2000.mat": {
            "nmi": 0.02720831266255322,
            "acc": 0.06410000000000002,