{
    "NDFS": {
        "DS1000x2500.mat": {
            "nmi": 0.07679082913080879,
            "acc": 0.10660000000000003,
            "runtime": 2379.5058109760284
        },
        "DS2500x1500.mat": {
            "nmi": 0.02559288454943608,
            "acc": 0.08578,
            "runtime": 1798.5413422584534
        },
        "DS3500x500.mat": {
            "nmi": 0.291989792173326,
            "acc": 0.2599142857142857,
            "runtime": 901.0907137393951
        },
        "DS500x9500.mat": {
            "nmi": 0.07382275111409628,
            "acc": 0.1426,
            "runtime": 1572.7983560562134
        },
        "DS4000x1500.mat": {
            "nmi": 0.005404338591724364,
            "acc": 0.11305000000000001,
            "runtime": 3376.391070842743
        },
        "DS2000x500.mat": {
            "nmi": 0.0009924734520841791,
            "acc": 0.34822499999999995,
            "runtime": 8.289875984191895
        },
        "DS1500x1500.mat": {
            "nmi": 0.00039377064105463775,
            "acc": 0.5093666666666666,
            "runtime": 1100.740208864212
        },
        "DS4500x500.mat": {
            "nmi": 0.00474634591844705,
            "acc": 0.11254444444444447,
            "runtime": 1598.721086025238
        },
        "DS3000x3000.mat": {
            "nmi": 0.01374803031208112,
            "acc": 0.0928,
            "runtime": 8094.375442028046
        },
        "DS2000x1000.mat": {
            "nmi": 0.04131141987965394,
            "acc": 0.085375,
            "runtime": 816.2001986503601
        },
        "DS500x5500.mat": {
            "nmi": 0.004598382656446055,
            "acc": 0.36550000000000005,
            "runtime": 396.46295523643494
        },
        "DS2500x2500.mat": {
            "nmi": 0.004304586968537403,
            "acc": 0.14870000000000003,
            "runtime": 4986.024686336517
        },
        "DS3000x2500.mat": {
            "nmi": 0.0017752565880221893,
            "acc": 0.21685,
            "runtime": 5942.965845584869
        },
        "DS3000x500.mat": {
            "nmi": 0.03598290194053101,
            "acc": 0.07338333333333333,
            "runtime": 1064.847145318985
        },
        "DS1000x3500.mat": {
            "nmi": 0.05170278579450447,
            "acc": 0.11510000000000002,
            "runtime": 130.9577956199646
        },
        "DS500x6500.mat": {
            "nmi": 0.21206231660190888,
            "acc": 0.1326,
            "runtime": 780.8584232330322
        },
        "DS1500x1000.mat": {
            "nmi": 0.027471798812884335,
            "acc": 0.10480000000000003,
            "runtime": 507.0163016319275
        },
        "DS1500x2000.mat": {
            "nmi": 0.011743193291158627,
            "acc": 0.13436666666666666,
            "runtime": 1866.0267293453217
        },
        "DS1000x4000.mat": {
            "nmi": 0.11814098630154754,
            "acc": 0.10315,
            "runtime": 7878.720242261887
        },
        "DS1000x5500.mat": {
            "nmi": 0.0019661932734652597,
            "acc": 0.3532999999999999,
            "runtime": 18339.815876483917
        },
        "DS500x3500.mat": {
            "nmi": 0.04003119492787628,
            "acc": 0.1641,
            "runtime": 112.32064986228943
        },
        "DS500x3000.mat": {
            "nmi": 0.13072546662098825,
            "acc": 0.1384,
            "runtime": 3051.560956954956
        },
        "DS2500x1000.mat": {
            "nmi": 0.004760909988667889,
            "acc": 0.14875999999999998,
            "runtime": 1110.3046774864197
        },
        "DS6500x1500.mat": {
            "nmi": 0.0004784032671823829,
            "acc": 0.2598384615384616,
            "runtime": 8642.840670585632
        },
        "DS6000x1500.mat": {
            "nmi": 0.0012520730760631267,
            "acc": 0.18105,
            "runtime": 6959.670829772949
        },
        "DS7500x500.mat": {
            "nmi": 0.0022460700188546186,
            "acc": 0.11529999999999999,
            "runtime": 3782.5898520946503
        },
        "DS3000x2000.mat": {
            "nmi": 0.023814521536514303,
            "acc": 0.07833333333333334,
            "runtime": 3533.276618003845
        },
        "DS1500x3000.mat": {
            "nmi": 0.0052507137415471455,
            "acc": 0.19406666666666667,
            "runtime": 4407.731591701508
        },
        "DS6000x500.mat": {
            "nmi": 0.008581022350200442,
            "acc": 0.077175,
            "runtime": 2467.989017724991
        },
        "DS2500x2000.mat": {
            "nmi": 0.0006527172833225262,
            "acc": 0.3463,
            "runtime": 3051.8528339862823
        },
        "DS1500x3500.mat": {
            "nmi": 0.03164489289752785,
            "acc": 0.10289999999999999,
            "runtime": 6226.095880270004
        },
        "DS3500x1000.mat": {
            "nmi": 0.008283025626698344,
            "acc": 0.1026142857142857,
            "runtime": 1628.0321023464203
        },
        "DS500x500.mat": {
            "nmi": 0.22026297464588912,
            "acc": 0.1292,
            "runtime": 1.624091625213623
        },
        "DS1000x7000.mat": {
            "nmi": 0.08009172124042874,
            "acc": 0.10520000000000003,
            "runtime": 33623.570261478424
        },
        "DS2000x2000.mat": {
            "nmi": 0.05035551589867339,
            "acc": 0.08360000000000001,
            "runtime": 2269.554215669632
        },
        "DS5500x500.mat": {
            "nmi": 0.0030755573433051573,
            "acc": 0.118,
            "runtime": 2653.7164266109467
        },
        "DS500x1500.mat": {
            "nmi": 0.20073998048744007,
            "acc": 0.1446,
            "runtime": 13.7378089427948
        },
        "DS9000x1000.mat": {
            "nmi": 0.002127853870004137,
            "acc": 0.11455000000000001,
            "runtime": 9560.747759342194
        },
        "DS1000x4500.mat": {
            "nmi": 0.001647933804167015,
            "acc": 0.35444999999999993,
            "runtime": 10547.265465021133
        },
        "DS4500x1500.mat": {
            "nmi": 0.019092384624610454,
            "acc": 0.06970000000000001,
            "runtime": 4084.707032442093

        },
        "DS1500x500.mat": {
            "nmi": 0.07736361880804705,
            "acc": 0.09036666666666668,
            "runtime": 208.3993399143219
        },
        "DS9000x500.mat": {
            "nmi": 0.0007401278495436423,
            "acc": 0.17789444444444447,
            "runtime": 5511.3917417526245
        },
        "DS500x4000.mat": {
            "nmi": 0.2328257285400713,
            "acc": 0.1365,
            "runtime": 6376.694526672363
        },
        "DS8000x500.mat": {
            "nmi": 0.00020316471191574492,
            "acc": 0.33992500000000003,
            "runtime": 4248.3377158641815
        },
        "DS5000x1000.mat": {
            "nmi": 0.014621700634818074,
            "acc": 0.07120000000000001,
            "runtime": 4374.553753852844
        },
        "DS8500x500.mat": {
            "nmi": 0.0033897654607820903,
            "acc": 0.09303529411764706,
            "runtime": 8803.470177173615
        },
        "DS1000x6500.mat": {
            "nmi": 0.13212956408153376,
            "acc": 0.10145000000000001,
            "runtime": 28191.857347488403
        },
        "DS2000x1500.mat": {
            "nmi": 0.006048211238866031,
            "acc": 0.153,
            "runtime": 1512.259036064148
        },
        "DS2000x2500.mat": {
            "nmi": 0.02088516741517829,
            "acc": 0.09957500000000002,
            "runtime": 4063.1431620121
        },
        "DS5000x2000.mat": {
            "nmi": 0.02398324696112359,
            "acc": 0.06258000000000001,
            "runtime": 7425.411371469498
        },
        "DS500x7500.mat": {
            "nmi": 0.11616687531331307,
            "acc": 0.1337,