{
    "lap_score": {
        "lung_small.mat": {
            "nmi": 0.5842297905417552,
            "acc": 0.5965753424657534,
            "runtime": 0.08018875122070312
        },
        "RELATHE.mat": {
            "nmi": 0.0047388005444452715,
            "acc": 0.5276804484933427,
            "runtime": 1.7215356826782227
        },
        "GLI-85.mat": {
            "nmi": 0.04690413110469526,
            "acc": 0.6823529411764704,
            "runtime": 0.08456945419311523
        },
        "warpPIE10P.mat": {
            "nmi": 0.25822530880728917,
            "acc": 0.2995238095238094,
            "runtime": 0.03048110008239746
        },
        "warpAR10P.mat": {
            "nmi": 0.36418560037019715,
            "acc": 0.34692307692307683,
            "runtime": 0.017680883407592773
        },
        "GLIOMA.mat": {
            "nmi": 0.5034638715444675,
            "acc": 0.5610000000000003,
            "runtime": 0.009996414184570312
        },
        "PCMAC.mat": {
            "nmi": 0.0020049536534048453,
            "acc": 0.5043746783324755,
            "runtime": 2.4296748638153076
        },
        "SMK-CAN-187.mat": {
            "nmi": 0.029716980986032582,
            "acc": 0.5561497326203211,
            "runtime": 0.21379947662353516
        },
        "COIL20.mat": {
            "nmi": 0.7067563872660324,
            "acc": 0.5878124999999998,
            "runtime": 0.5494089126586914
        },
        "nci9.mat": {
            "nmi": 0.39841873460441246,
            "acc": 0.37916666666666676,
            "runtime": 0.02435755729675293
        },
        "BASEHOCK.mat": {
            "nmi": 0.0068376281160275176,
            "acc": 0.5047666833918714,
            "runtime": 3.5357909202575684
        },
        "arcene.mat": {
            "nmi": 0.017036144491753676,
            "acc": 0.59,
            "runtime": 0.11058974266052246
        },
        "TOX-171.mat": {
            "nmi": 0.12538940393626355,
            "acc": 0.40584795321637424,
            "runtime": 0.055674076080322266
        },
        "USPS.mat": {
            "nmi": 0.5730386546317352,
            "acc": 0.6135781888578189,
            "runtime": 17.33540630340576
        },
        "Isolet.mat": {
            "nmi": 0.705946222171957,
            "acc": 0.5447115384615384,
            "runtime": 0.5367758274078369
        },
        "orlraws10P.mat": {
            "nmi": 0.7872696330907094,
            "acc": 0.6475000000000002,
            "runtime": 0.05509066581726074
        },
        "gisette.mat": {
            "nmi": 0.2720268158365314,
            "acc": 0.7809499999999999,
            "runtime": 41.00788974761963
        },
        "Prostate-GE.mat": {
            "nmi": 0.013449019497117303,
            "acc": 0.568627450980392,
            "runtime": 0.027335166931152344
        },
        "colon.mat": {
            "nmi": 0.018857537487771706,
            "acc": 0.5806451612903225,
            "runtime": 0.006190776824951172
        },
        "Carcinom.mat": {
            "nmi": 0.765615490187182,
            "acc": 0.7097701149425287,
            "runtime": 0.09507274627685547
        },
        "leukemia.mat": {
            "nmi": 0.1393868331681944,
            "acc": 0.7222222222222219,
            "runtime": 0.017544984817504883
        },
        "pixraw10P.mat": {
            "nmi": 0.8644443244132655,
            "acc": 0.696,
            "runtime": 0.03646349906921387
        },
        "lymphoma.mat": {
            "nmi": 0.6652495509644692,
            "acc": 0.5411458333333333,
            "runtime": 0.01857733726501465
        },
        "CLL-SUB-111.mat": {
            "nmi": 0.18653717718486318,
            "acc": 0.5225225225225223,
            "runtime": 0.05375361442565918
        },
        "ORL.mat": {
            "nmi": 0.7009772126246574,
            "acc": 0.45999999999999996,
            "runtime": 0.047922611236572266
        },
        "ALLAML.mat": {
            "nmi": 0.1546697047593805,
            "acc": 0.7361111111111109,
            "runtime": 0.020092010498046875
        },
        "madelon.mat": {
            "nmi": 4.641931955283439e-05,
            "acc": 0.5040000000000001,
            "runtime": 1.4642627239227295
        },
        "Yale.mat": {
            "nmi": 0.46910530666427963,
            "acc": 0.4127272727272728,
            "runtime": 0.011331796646118164
        },
        "lung.mat": {
            "nmi": 0.514756944946033,
            "acc": 0.6130541871921183,
            "runtime": 0.04028749465942383
        }
    },
    "num_features": 100,
    "W_kwargs": {
        "metric": "euclidean",
        "neighborMode": "knn",
        "weightMode": "heatKernel",
        "k": 5,
        "t": 1
    },
    "max_runtime": 300000,
    "max_global_time": 850000
}