{
    "low_variance": {
        "lung_small.mat": {
            "nmi": 0.7051434038141585,
            "acc": 0.752054794520548,
            "runtime": 0.0009188652038574219
        },
        "RELATHE.mat": {
            "nmi": 0.0015146593024299372,
            "acc": 0.5465662228451296,
            "runtime": 0.07645130157470703
        },
        "GLI-85.mat": {
            "nmi": 0.20607207766634014,
            "acc": 0.6652941176470586,
            "runtime": 0.01721358299255371
        },
        "warpPIE10P.mat": {
            "nmi": 0.2615401661149325,
            "acc": 0.25690476190476186,
            "runtime": 0.0064013004302978516
        },
        "warpAR10P.mat": {
            "nmi": 0.1762641246613908,
            "acc": 0.20038461538461538,
            "runtime": 0.002855062484741211
        },
        "GLIOMA.mat": {
            "nmi": 0.4833200485835939,
            "acc": 0.5789999999999998,
            "runtime": 0.0035250186920166016
        },
        "PCMAC.mat": {
            "nmi": 0.00014537944224494445,
            "acc": 0.5055326814204838,
            "runtime": 0.07271933555603027
        },
        "SMK-CAN-187.mat": {
            "nmi": 0.00015884498904320413,
            "acc": 0.5026737967914439,
            "runtime": 0.029385805130004883
        },
        "COIL20.mat": {
            "nmi": 0.7866810920659889,
            "acc": 0.6750694444444444,
            "runtime": 0.01226663589477539
        },
        "nci9.mat": {
            "nmi": 0.43731339633892174,
            "acc": 0.41500000000000015,
            "runtime": 0.004740715026855469
        },
        "BASEHOCK.mat": {
            "nmi": 0.0009940644395697302,
            "acc": 0.5007526342197692,
            "runtime": 0.11595845222473145
        },
        "arcene.mat": {
            "nmi": 0.017036144491753676,
            "acc": 0.59,
            "runtime": 0.014477252960205078
        },
        "TOX-171.mat": {
            "nmi": 0.11719677232931089,
            "acc": 0.39941520467836267,
            "runtime": 0.007467031478881836
        },
        "USPS.mat": {
            "nmi": 0.615985128331322,
            "acc": 0.6753979350397936,
            "runtime": 0.01616644859313965
        },
        "Isolet.mat": {
            "nmi": 0.7738938472979171,
            "acc": 0.6256410256410255,
            "runtime": 0.010215520858764648
        },
        "orlraws10P.mat": {
            "nmi": 0.8587854940306245,
            "acc": 0.7945,
            "runtime": 0.008725643157958984
        },
        "gisette.mat": {
            "nmi": 0.12178690115119109,
            "acc": 0.6842071428571429,
            "runtime": 0.4216129779815674
        },
        "Prostate-GE.mat": {
            "nmi": 0.025464953260671504,
            "acc": 0.588235294117647,
            "runtime": 0.00733184814453125
        },
        "colon.mat": {
            "nmi": 0.006223485544707892,
            "acc": 0.5483870967741937,
            "runtime": 0.0014984607696533203
        },
        "Carcinom.mat": {
            "nmi": 0.7263654560639015,
            "acc": 0.6985632183908048,
            "runtime": 0.017524242401123047
        },
        "leukemia.mat": {
            "nmi": 0.1190719933290918,
            "acc": 0.7006944444444445,
            "runtime": 0.004584312438964844
        },
        "pixraw10P.mat": {
            "nmi": 0.9291660823739291,
            "acc": 0.9095000000000001,
            "runtime": 0.009634017944335938
        },
        "lymphoma.mat": {
            "nmi": 0.6873288433068147,
            "acc": 0.6020833333333334,
            "runtime": 0.0049474239349365234
        },
        "CLL-SUB-111.mat": {
            "nmi": 0.18731680443952028,
            "acc": 0.5315315315315315,
            "runtime": 0.011735916137695312
        },
        "ORL.mat": {
            "nmi": 0.7750438322415608,
            "acc": 0.5881249999999999,
            "runtime": 0.00360870361328125
        },
        "ALLAML.mat": {
            "nmi": 0.15798342028714313,
            "acc": 0.7375,
            "runtime": 0.0058171749114990234
        },
        "madelon.mat": {
            "nmi": 2.5136616585551325e-05,
            "acc": 0.5028846153846154,
            "runtime": 0.012844085693359375
        },
        "Yale.mat": {
            "nmi": 0.4862626600572712,
            "acc": 0.4087878787878788,
            "runtime": 0.0015895366668701172
        },
        "lung.mat": {
            "nmi": 0.6200011574779252,
            "acc": 0.6970443349753696,
            "runtime": 0.005465269088745117
        }
    },
    "num_features": 100,
    "W_kwargs": {
        "metric": "euclidean",
        "neighborMode": "knn",
        "weightMode": "heatKernel",
        "k": 5,
        "t": 1
    },
    "max_runtime": 300000,
    "max_global_time": 850000
}