{
    "MCFS": {
        "leukemia.mat": {
            "nmi": 0.03197623390387591,
            "acc": 0.5930555555555557,
            "runtime": 3.498126268386841
        },
        "pixraw10P.mat": {
            "nmi": 0.8639532897496925,
            "acc": 0.7714999999999999,
            "runtime": 2.711714506149292
        },
        "lymphoma.mat": {
            "nmi": 0.573640136622393,
            "acc": 0.5484375000000001,
            "runtime": 0.9237322807312012
        },
        "CLL-SUB-111.mat": {
            "nmi": 0.011765221608196734,
            "acc": 0.4396396396396397,
            "runtime": 4.5328209400177
        },
        "ORL.mat": {
            "nmi": 0.7527187404992973,
            "acc": 0.56425,
            "runtime": 0.8990011215209961
        },
        "lung_small.mat": {
            "nmi": 0.728315788646121,
            "acc": 0.7917808219178083,
            "runtime": 1.1685903072357178
        },
        "RELATHE.mat": {
            "nmi": 0.019843541343331054,
            "acc": 0.5753328661527681,
            "runtime": 14.235780715942383
        },
        "GLI-85.mat": {
            "nmi": 0.03181470508825253,
            "acc": 0.5741176470588234,
            "runtime": 6.073431015014648
        },
        "warpPIE10P.mat": {
            "nmi": 0.46278867119419675,
            "acc": 0.40357142857142864,
            "runtime": 0.9028496742248535
        },
        "warpAR10P.mat": {
            "nmi": 0.3458805438057749,
            "acc": 0.32115384615384607,
            "runtime": 0.7478828430175781
        },
        "ALLAML.mat": {
            "nmi": 0.08418738248477887,
            "acc": 0.6916666666666667,
            "runtime": 1.4008235931396484
        },
        "madelon.mat": {
            "nmi": 0.002341388731999878,
            "acc": 0.5283846153846155,
            "runtime": 8.966758728027344
        },
        "Yale.mat": {
            "nmi": 0.5465519162127128,
            "acc": 0.4845454545454545,
            "runtime": 0.6039142608642578
        },
        "lung.mat": {
            "nmi": 0.5979713663294491,
            "acc": 0.6231527093596061,
            "runtime": 1.0320653915405273
        },
        "GLIOMA.mat": {
            "nmi": 0.5269661675118538,
            "acc": 0.663,
            "runtime": 1.5810706615447998
        },
        "PCMAC.mat": {
            "nmi": 0.017221080651727474,
            "acc": 0.5146937725167268,
            "runtime": 19.877959728240967
        },
        "SMK-CAN-187.mat": {
            "nmi": 0.0034206915739147447,
            "acc": 0.5377005347593584,
            "runtime": 8.828924655914307
        },
        "COIL20.mat": {
            "nmi": 0.7260754403202794,
            "acc": 0.640451388888889,
            "runtime": 3.469531774520874
        },
        "nci9.mat": {
            "nmi": 0.4339317585889444,
            "acc": 0.42666666666666675,
            "runtime": 2.362659215927124
        },
        "orlraws10P.mat": {
            "nmi": 0.7288032593010829,
            "acc": 0.6544999999999999,
            "runtime": 2.6053895950317383
        },
        "gisette.mat": {
            "nmi": 0.14057299346816804,
            "acc": 0.7040857142857142,
            "runtime": 263.29057216644287
        },
        "Prostate-GE.mat": {
            "nmi": 0.004847549811430584,
            "acc": 0.5392156862745098,
            "runtime": 1.1255719661712646
        },
        "colon.mat": {
            "nmi": 0.0064153086563799614,
            "acc": 0.5338709677419352,
            "runtime": 0.633887529373169
        },
        "Carcinom.mat": {
            "nmi": 0.6082754907480046,
            "acc": 0.6316091954022989,
            "runtime": 2.555417776107788
        },
        "BASEHOCK.mat": {
            "nmi": 0.0019785850090894173,
            "acc": 0.5002508780732563,
            "runtime": 25.663973808288574
        },
        "arcene.mat": {
            "nmi": 0.01506269929362174,
            "acc": 0.5855000000000002,
            "runtime": 4.59027099609375
        },
        "TOX-171.mat": {
            "nmi": 0.06029278442536938,
            "acc": 0.3590643274853801,
            "runtime": 1.3574020862579346
        },
        "USPS.mat": {
            "nmi": 0.582029129631016,
            "acc": 0.6503280275328029,
            "runtime": 332.5790276527405
        },
        "Isolet.mat": {
            "nmi": 0.6684512552795987,
            "acc": 0.4970192307692307,
            "runtime": 2.8968801498413086
        }
    },
    "num_features": 100,
    "W_kwargs": {
        "metric": "euclidean",
        "neighborMode": "knn",
        "weightMode": "heatKernel",
        "k": 5,
        "t": 1
    },
    "max_runtime": 300000,
    "max_global_time": 850000
}