{
    "NDFS": {
        "ALLAML.mat": {
            "nmi": 0.03712903487083485,
            "acc": 0.613888888888889,
            "runtime": 907.4248080253601
        },
        "madelon.mat": {
            "nmi": 0.022179629952254934,
            "acc": 0.5873076923076924,
            "runtime": 627.2134699821472
        },
        "Yale.mat": {
            "nmi": 0.46239694144818283,
            "acc": 0.4006060606060606,
            "runtime": 4.339427709579468
        },
        "lung.mat": {
            "nmi": 0.5188142981407029,
            "acc": 0.6869458128078818,
            "runtime": 84.47668194770813
        },
        "leukemia.mat": {
            "nmi": 0.08734894605987749,
            "acc": 0.6791666666666666,
            "runtime": 933.818968296051
        },
        "pixraw10P.mat": {
            "nmi": 0.898950620010502,
            "acc": 0.8845000000000003,
            "runtime": 3005.074546813965
        },
        "lymphoma.mat": {
            "nmi": 0.622155013170957,
            "acc": 0.5598958333333333,
            "runtime": 166.95173144340515
        },
        "CLL-SUB-111.mat": {
            "nmi": 0.1873168044395203,
            "acc": 0.5315315315315315,
            "runtime": 2702.0574448108673
        },
        "ORL.mat": {
            "nmi": 0.780125275345841,
            "acc": 0.592875,
            "runtime": 4.9505438804626465
        },
        "BASEHOCK.mat": {
            "nmi": 0.008429958914798053,
            "acc": 0.503135975915705,
            "runtime": 16507.988669395447
        },
        "arcene.mat": {
            "nmi": 0.0002134159238991545,
            "acc": 0.5,
            "runtime": 1990.268300294876
        },
        "TOX-171.mat": {
            "nmi": 0.08083632099616155,
            "acc": 0.37251461988304096,
            "runtime": 372.87458181381226
        },
        "USPS.mat": {
            "nmi": 0.6001459372255622,
            "acc": 0.6524521402452139,
            "runtime": 4967.519956111908
        },
        "Isolet.mat": {
            "nmi": 0.7815175313732133,
            "acc": 0.6582371794871795,
            "runtime": 7.685903549194336
        },
        "orlraws10P.mat": {
            "nmi": 0.821997043148634,
            "acc": 0.745,
            "runtime": 3373.382593870163
        },
        "gisette.mat": {
            "nmi": 0.13366355345071085,
            "acc": 0.7065928571428571,
            "runtime": 46768.627809524536
        },
        "Prostate-GE.mat": {
            "nmi": 0.02249682198457704,
            "acc": 0.5833333333333333,
            "runtime": 458.6325304508209
        },
        "colon.mat": {
            "nmi": 0.00160442146075382,
            "acc": 0.5225806451612902,
            "runtime": 23.18672204017639
        },
        "Carcinom.mat": {
            "nmi": 0.811159522514971,
            "acc": 0.7876436781609194,
            "runtime": 1471.0159504413605
        },
        "lung_small.mat": {
            "nmi": 0.7652179119553436,
            "acc": 0.8212328767123289,
            "runtime": 0.6867198944091797
        },
        "COIL20.mat": {
            "nmi": 0.7598288739637022,
            "acc": 0.6347916666666666,
            "runtime": 13.756780624389648
        },
        "warpPIE10P.mat": {
            "nmi": 0.23255697113698762,
            "acc": 0.2454761904761905,
            "runtime": 36.29023361206055
        },
        "warpAR10P.mat": {
            "nmi": 0.14403981544982322,
            "acc": 0.17230769230769233,
            "runtime": 47.1227765083313
        },
        "GLIOMA.mat": {
            "nmi": 0.21865945818035523,
            "acc": 0.46900000000000003,
            "runtime": 226.00831389427185
        },
        "nci9.mat": {
            "nmi": 0.4700340195865927,
            "acc": 0.4575,
            "runtime": 2492.1662213802338
        },
        "PCMAC.mat": {
            "nmi": 0.0020049536534048453,
            "acc": 0.5043746783324755,
            "runtime": 6582.61096572876
        },
        "RELATHE.mat": {
            "nmi": 0.00159348452730309,
            "acc": 0.5466012613875263,
            "runtime": 11070.35079908371
        },
        "GLI-85.mat": {
            "nmi": 0.03653291216061993,
            "acc": 0.6529411764705881,
            "runtime": 19163.363290071487
        },
        "SMK-CAN-187.mat": {
            "nmi": 0.0007905996094778442,
            "acc": 0.5042780748663102,
            "runtime": 19170.059789657593
        }
    },
    "num_features": 100,
    "W_kwargs": {
        "metric": "euclidean",
        "neighborMode": "knn",
        "weightMode": "heatKernel",
        "k": 5,
        "t": 1
    },
    "max_runtime": 300000,
    "max_global_time": 850000
}