{
    "SPEC": {
        "lung_small.mat": {
            "nmi": 0.6279823695057516,
            "acc": 0.7082191780821918,
            "runtime": 0.40079832077026367
        },
        "RELATHE.mat": {
            "nmi": 0.0036205477702051883,
            "acc": 0.5437981779957953,
            "runtime": 28.273967266082764
        },
        "GLI-85.mat": {
            "nmi": 4.660588382451286e-05,
            "acc": 0.5058823529411764,
            "runtime": 1.5086431503295898
        },
        "warpPIE10P.mat": {
            "nmi": 0.46398856680121836,
            "acc": 0.34857142857142853,
            "runtime": 0.36622118949890137
        },
        "warpAR10P.mat": {
            "nmi": 0.20814851165833606,
            "acc": 0.25153846153846154,
            "runtime": 0.2518646717071533
        },
        "GLIOMA.mat": {
            "nmi": 0.46858798704965743,
            "acc": 0.5690000000000001,
            "runtime": 0.2820475101470947
        },
        "PCMAC.mat": {
            "nmi": 0.002068484880211732,
            "acc": 0.5064333504889349,
            "runtime": 55.630836486816406
        },
        "SMK-CAN-187.mat": {
            "nmi": 6.983936893893957e-05,
            "acc": 0.5133689839572194,
            "runtime": 2.621748447418213
        },
        "COIL20.mat": {
            "nmi": 0.6625064136536261,
            "acc": 0.5065972222222224,
            "runtime": 11.015491962432861
        },
        "nci9.mat": {
            "nmi": 0.41047740630177376,
            "acc": 0.4025,
            "runtime": 0.5802028179168701
        },
        "BASEHOCK.mat": {
            "nmi": 0.00488497353874992,
            "acc": 0.501254390366282,
            "runtime": 82.69278073310852
        },
        "arcene.mat": {
            "nmi": 0.0009115790337845759,
            "acc": 0.5114999999999998,
            "runtime": 1.3974788188934326
        },
        "TOX-171.mat": {
            "nmi": 0.010385871683538708,
            "acc": 0.2921052631578948,
            "runtime": 0.6732354164123535
        },
        "USPS.mat": {
            "nmi": 0.5984218353162536,
            "acc": 0.6807377930737792,
            "runtime": 414.1477105617523
        },
        "Isolet.mat": {
            "nmi": 0.6068301171061468,
            "acc": 0.4509294871794872,
            "runtime": 8.556276321411133
        },
        "orlraws10P.mat": {
            "nmi": 0.6238611699332701,
            "acc": 0.5924999999999999,
            "runtime": 0.7761337757110596
        },
        "gisette.mat": {
            "nmi": 0.0662906731794233,
            "acc": 0.6176357142857143,
            "runtime": 2092.3703243732452
        },
        "Prostate-GE.mat": {
            "nmi": 0.036328798612099714,
            "acc": 0.6102941176470587,
            "runtime": 0.4513881206512451
        },
        "colon.mat": {
            "nmi": 0.0001427218474966099,
            "acc": 0.5483870967741937,
            "runtime": 0.12163043022155762
        },
        "Carcinom.mat": {
            "nmi": 0.5252189940220696,
            "acc": 0.5525862068965518,
            "runtime": 1.093632698059082
        },
        "leukemia.mat": {
            "nmi": 0.06709138594620677,
            "acc": 0.6368055555555556,
            "runtime": 0.4537057876586914
        },
        "pixraw10P.mat": {
            "nmi": 0.7769132649574901,
            "acc": 0.6405000000000002,
            "runtime": 0.7380211353302002
        },
        "lymphoma.mat": {
            "nmi": 0.4444106661308034,
            "acc": 0.4546874999999999,
            "runtime": 0.29146838188171387
        },
        "CLL-SUB-111.mat": {
            "nmi": 0.018263583593154886,
            "acc": 0.42342342342342326,
            "runtime": 0.9094891548156738
        },
        "ORL.mat": {
            "nmi": 0.696547093790683,
            "acc": 0.480625,
            "runtime": 0.479900598526001
        },
        "ALLAML.mat": {
            "nmi": 0.051486411283539354,
            "acc": 0.6652777777777776,
            "runtime": 0.45626282691955566
        },
        "madelon.mat": {
            "nmi": 0.00015041242286493707,
            "acc": 0.5049615384615385,
            "runtime": 27.28217911720276
        },
        "Yale.mat": {
            "nmi": 0.43565808378959037,
            "acc": 0.35000000000000003,
            "runtime": 0.12802457809448242
        },
        "lung.mat": {
            "nmi": 0.30860282300153213,
            "acc": 0.46871921182266013,
            "runtime": 0.47865819931030273
        }
    },
    "num_features": 100,
    "W_kwargs": {
        "metric": "euclidean",
        "neighborMode": "knn",
        "weightMode": "heatKernel",
        "k": 5,
        "t": 1
    },
    "max_runtime": 300000,
    "max_global_time": 850000
}