{
    "UDFS": {
        "ALLAML.mat": {
            "nmi": 0.1611383118902669,
            "acc": 0.5368055555555558,
            "runtime": 4791.371531963348
        },
        "madelon.mat": {
            "nmi": 4.601896200295966e-05,
            "acc": 0.5039038461538461,
            "runtime": 107.64161849021912
        },
        "Yale.mat": {
            "nmi": 0.43389983771039553,
            "acc": 0.3627272727272727,
            "runtime": 3.3520350456237793
        },
        "lung.mat": {
            "nmi": 0.3641442484916435,
            "acc": 0.4692118226600986,
            "runtime": 200.2987642288208
        },
        "leukemia.mat": {
            "nmi": 0.1253125064853033,
            "acc": 0.7083333333333335,
            "runtime": 9947.34876871109
        },
        "pixraw10P.mat": {
            "nmi": 0.6695512268167075,
            "acc": 0.596,
            "runtime": 4909.4131100177765
        },
        "lymphoma.mat": {
            "nmi": 0.6166189494663332,
            "acc": 0.5427083333333333,
            "runtime": 1611.0050699710846
        },
        "CLL-SUB-111.mat": {
            "nmi": 0.18653717718486318,
            "acc": 0.5225225225225223,
            "runtime": 7375.146119356155
        },
        "ORL.mat": {
            "nmi": 0.6847474260593198,
            "acc": 0.46487500000000004,
            "runtime": 4.173655033111572
        },
        "BASEHOCK.mat": {
            "nmi": 0.0009940644395697302,
            "acc": 0.5007526342197692,
            "runtime": 690.9378929138184
        },
        "arcene.mat": {
            "nmi": 0.0438875248149082,
            "acc": 0.6300000000000002,
            "runtime": 15176.291301488876
        },
        "TOX-171.mat": {
            "nmi": 0.10992729288629474,
            "acc": 0.38654970760233925,
            "runtime": 1785.6681718826294
        },
        "USPS.mat": {
            "nmi": 0.5753754679998653,
            "acc": 0.6521940202194019,
            "runtime": 6934.664728403091
        },
        "Isolet.mat": {
            "nmi": 0.6310309778127076,
            "acc": 0.5030448717948717,
            "runtime": 18.151794910430908
        },
        "lung_small.mat": {
            "nmi": 0.7120470049181231,
            "acc": 0.7541095890410959,
            "runtime": 2.7547900676727295
        },
        "COIL20.mat": {
            "nmi": 0.6705991871389176,
            "acc": 0.5618749999999999,
            "runtime": 25.780121326446533
        },
        "warpPIE10P.mat": {
            "nmi": 0.2918960891575495,
            "acc": 0.3095238095238094,
            "runtime": 41.65522050857544
        },
        "warpAR10P.mat": {
            "nmi": 0.24340481917660256,
            "acc": 0.29538461538461536,
            "runtime": 77.1946771144867
        },
        "PCMAC.mat": {
            "nmi": 0.00013086285128791894,
            "acc": 0.5048893463715902,
            "runtime": 109.15725612640381
        },
        "colon.mat": {
            "nmi": 0.0018829675676470682,
            "acc": 0.5032258064516129,
            "runtime": 93.4616858959198
        },
        "RELATHE.mat": {
            "nmi": 0.00018060984465955186,
            "acc": 0.5451997196916609,
            "runtime": 115.64866733551025
        },
        "GLIOMA.mat": {
            "nmi": 0.2766222296259175,
            "acc": 0.585,
            "runtime": 824.7150166034698
        },
        "gisette.mat": {
            "nmi": 0.008055030607688566,
            "acc": 0.5525785714285715,
            "runtime": 3573.1322531700134
        },
        "Prostate-GE.mat": {
            "nmi": 0.06530991762950464,
            "acc": 0.627941176470588,
            "runtime": 3833.1057307720184
        },
        "Carcinom.mat": {
            "nmi": 0.5781872845433421,
            "acc": 0.5594827586206896,
            "runtime": 63857.14651608467
        },
        "orlraws10P.mat": {
            "nmi": 0.6754675705688341,
            "acc": 0.6094999999999999,
            "runtime": 102362.5937488079
        },
        "nci9.mat": {
            "nmi": 0.40039954435982283,
            "acc": 0.3766666666666666,
            "runtime": 136748.1766347885
        },
        "SMK-CAN-187.mat": {
            "nmi": 0.05931745516809842,
            "acc": 0.6425133689839573,
            "runtime": 157422.62689113617
        },
        "GLI-85.mat": {
            "nmi": null,
            "acc": null,
            "runtime": 484025
        }
    },
    "num_features": 100,
    "W_kwargs": {
        "metric": "euclidean",
        "neighborMode": "knn",
        "weightMode": "heatKernel",
        "k": 5,
        "t": 1
    },
    "max_runtime": 300000,
    "max_global_time": 850000
}